id,Target
7322,1
7323,-1
7324,-1
7325,1
7326,1
7327,1
7328,0
7329,1
7330,0
7331,-1
7332,-1
7333,1
7334,0
7335,1
7336,0
7337,1
7338,0
7339,-1
7340,0
7341,0
7342,1
7343,0
7344,-1
7345,-1
7346,1
7347,0
7348,-1
7349,-1
7350,-1
7351,1
7352,1
7353,1
7354,1
7355,-1
7356,0
7357,1
7358,1
7359,-1
7360,-1
7361,1
7362,1
7363,1
7364,0
7365,1
7366,0
7367,-1
7368,0
7369,-1
7370,1
7371,-1
7372,0
7373,0
7374,1
7375,0
7376,1
7377,0
7378,0
7379,1
7380,0
7381,-1
7382,-1
7383,-1
7384,1
7385,-1
7386,1
7387,1
7388,1
7389,-1
7390,-1
7391,1
7392,1
7393,0
7394,1
7395,-1
7396,1
7397,-1
7398,-1
7399,-1
7400,-1
7401,1
7402,-1
7403,0
7404,0
7405,1
7406,-1
7407,1
7408,0
7409,0
7410,-1
7411,1
7412,0
7413,0
7414,1
7415,1
7416,0
7417,-1
7418,-1
7419,0
7420,1
7421,0
7422,1
7423,1
7424,1
7425,0
7426,0
7427,0
7428,1
7429,1
7430,-1
7431,0
7432,1
7433,1
7434,0
7435,0
7436,1
7437,-1
7438,0
7439,1
7440,0
7441,0
7442,1
7443,-1
7444,0
7445,1
7446,-1
7447,-1
7448,1
7449,0
7450,0
7451,0
7452,-1
7453,1
7454,-1
7455,-1
7456,0
7457,1
7458,-1
7459,-1
7460,-1
7461,1
7462,1
7463,1
7464,1
7465,1
7466,-1
7467,1
7468,0
7469,0
7470,-1
7471,1
7472,1
7473,1
7474,1
7475,0
7476,1
7477,-1
7478,0
7479,-1
7480,0
7481,1
7482,-1
7483,1
7484,0
7485,0
7486,-1
7487,0
7488,1
7489,0
7490,0
7491,-1
7492,0
7493,-1
7494,-1
7495,0
7496,-1
7497,1
7498,0
7499,0
7500,1
7501,0
7502,1
7503,1
7504,-1
7505,1
7506,0
7507,1
7508,0
7509,0
7510,-1
7511,1
7512,1
7513,0
7514,-1
7515,1
7516,0
7517,-1
7518,0
7519,-1
7520,0
7521,1
7522,1
7523,0
7524,1
7525,1
7526,1
7527,1
7528,-1
7529,-1
7530,1
7531,0
7532,1
7533,-1
7534,0
7535,1
7536,-1
7537,1
7538,-1
7539,1
7540,1
7541,-1
7542,1
7543,-1
7544,-1
7545,0
7546,0
7547,-1
7548,1
7549,1
7550,1
7551,1
7552,0
7553,1
7554,0
7555,-1
7556,0
7557,-1
7558,-1
7559,1
7560,-1
7561,-1
7562,0
7563,-1
7564,-1
7565,-1
7566,-1
7567,1
7568,1
7569,0
7570,0
7571,1
7572,1
7573,0
7574,-1
7575,1
7576,1
7577,0
7578,1
7579,-1
7580,1
7581,0
7582,1
7583,0
7584,1
7585,-1
7586,0
7587,0
7588,1
7589,0
7590,1
7591,1
7592,0
7593,0
7594,1
7595,0
7596,0
7597,0
7598,-1
7599,1
7600,1
7601,1
7602,0
7603,-1
7604,-1
7605,1
7606,-1
7607,-1
7608,-1
7609,-1
7610,0
7611,-1
7612,-1
7613,0
7614,-1
7615,1
7616,1
7617,-1
7618,0
7619,1
7620,0
7621,0
7622,0
7623,-1
7624,0
7625,-1
7626,-1
7627,-1
7628,0
7629,1
7630,1
7631,-1
7632,1
7633,0
7634,1
7635,0
7636,1
7637,0
7638,1
7639,0
7640,0
7641,1
7642,1
7643,0
7644,0
7645,-1
7646,1
7647,1
7648,1
7649,-1
7650,0
7651,0
7652,-1
7653,0
7654,1
7655,-1
7656,0
7657,-1
7658,-1
7659,0
7660,0
7661,1
7662,1
7663,-1
7664,-1
7665,1
7666,0
7667,0
7668,-1
7669,0
7670,0
7671,0
7672,-1
7673,-1
7674,0
7675,1
7676,-1
7677,1
7678,0
7679,1
7680,1
7681,0
7682,-1
7683,-1
7684,-1
7685,0
7686,1
7687,-1
7688,-1
7689,1
7690,1
7691,0
7692,-1
7693,0
7694,-1
7695,1
7696,-1
7697,1
7698,-1
7699,1
7700,0
7701,-1
7702,1
7703,-1
7704,-1
7705,0
7706,-1
7707,0
7708,1
7709,-1
7710,0
7711,1
7712,0
7713,-1
7714,-1
7715,1
7716,0
7717,-1
7718,0
7719,0
7720,1
7721,0
7722,-1
7723,0
7724,0
7725,-1
7726,-1
7727,-1
7728,0
7729,-1
7730,0
7731,1
7732,1
7733,1
7734,0
7735,0
7736,0
7737,-1
7738,-1
7739,0
7740,0
7741,0
7742,-1
7743,-1
7744,-1
7745,1
7746,-1
7747,1
7748,1
7749,0
7750,1
7751,1
7752,0
7753,1
7754,-1
7755,0
7756,1
7757,-1
7758,1
7759,0
7760,0
7761,-1
7762,1
7763,0
7764,0
7765,1
7766,-1
7767,1
7768,0
7769,0
7770,1
7771,1
7772,0
7773,0
7774,0
7775,0
7776,-1
7777,-1
7778,1
7779,-1
7780,1
7781,0
7782,1
7783,-1
7784,-1
7785,0
7786,1
7787,1
7788,1
7789,1
7790,-1
7791,0
7792,1
7793,1
7794,-1
7795,0
7796,0
7797,1
7798,0
7799,1
7800,0
7801,0
7802,-1
7803,1
7804,-1
7805,0
7806,1
7807,1
7808,1
7809,-1
7810,1
7811,1
7812,-1
7813,-1
7814,0
7815,-1
7816,-1
7817,1
7818,-1
7819,0
7820,0
7821,1
7822,1
7823,0
7824,1
7825,-1
7826,0
7827,1
7828,-1
7829,-1
7830,1
7831,1
7832,0
7833,-1
7834,0
7835,-1
7836,1
7837,1
7838,-1
7839,1
7840,-1
7841,1
7842,1
7843,1
7844,1
7845,-1
7846,1
7847,1
7848,0
7849,0
7850,1
7851,1
7852,-1
7853,1
7854,1
7855,0
7856,1
7857,-1
7858,0
7859,0
7860,0
7861,1
7862,-1
7863,0
7864,0
7865,0
7866,1
7867,1
7868,1
7869,-1
7870,1
7871,-1
7872,0
7873,1
7874,0
7875,1
7876,1
7877,0
7878,0
7879,-1
7880,1
7881,0
7882,-1
7883,0
7884,-1
7885,-1
7886,1
7887,1
7888,0
7889,1
7890,1
7891,-1
7892,1
7893,1
7894,1
7895,1
7896,1
7897,0
7898,1
7899,1
7900,0
7901,1
7902,0
7903,0
7904,0
7905,0
7906,-1
7907,-1
7908,1
7909,1
7910,-1
7911,1
7912,0
7913,1
7914,1
7915,0
7916,-1
7917,1
7918,-1
7919,1
7920,1
7921,-1
7922,1
7923,1
7924,0
7925,1
7926,0
7927,1
7928,1
7929,1
7930,0
7931,1
7932,0
7933,1
7934,1
7935,1
7936,0
7937,-1
7938,1
7939,1
7940,0
7941,-1
7942,-1
7943,0
7944,1
7945,0
7946,0
7947,-1
7948,1
7949,1
7950,1
7951,0
7952,0
7953,1
7954,1
7955,-1
7956,-1
7957,-1
7958,1
7959,1
7960,0
7961,1
7962,0
7963,1
7964,-1
7965,-1
7966,0
7967,1
7968,1
7969,0
7970,-1
7971,-1
7972,0
7973,1
7974,-1
7975,1
7976,-1
7977,1
7978,-1
7979,0
7980,1
7981,0
7982,0
7983,1
7984,0
7985,0
7986,-1
7987,-1
7988,-1
7989,0
7990,1
7991,0
7992,1
7993,-1
7994,-1
7995,0
7996,0
7997,0
7998,1
7999,-1
8000,1
8001,1
8002,0
8003,0
8004,1
8005,-1
8006,1
8007,1
8008,-1
8009,1
8010,-1
8011,1
8012,-1
8013,-1
8014,0
8015,0
8016,0
8017,0
8018,1
8019,1
8020,1
8021,-1
8022,1
8023,-1
8024,-1
8025,-1
8026,0
8027,-1
8028,-1
8029,1
8030,-1
8031,-1
8032,-1
8033,0
8034,-1
8035,1
8036,1
8037,1
8038,-1
8039,1
8040,0
8041,0
8042,-1
8043,-1
8044,0
8045,-1
8046,1
8047,-1
8048,1
8049,-1
8050,1
8051,0
8052,-1
8053,1
8054,0
8055,1
8056,1
8057,1
8058,1
8059,1
8060,-1
8061,1
8062,-1
8063,1
8064,-1
8065,0
8066,1
8067,-1
8068,1
8069,0
8070,1
8071,1
8072,0
8073,1
8074,-1
8075,1
8076,-1
8077,1
8078,-1
8079,1
8080,0
8081,0
8082,0
8083,1
8084,1
8085,1
8086,0
8087,-1
8088,0
8089,-1
8090,1
8091,1
8092,1
8093,0
8094,0
8095,-1
8096,1
8097,-1
8098,-1
8099,-1
8100,0
8101,-1
8102,-1
8103,1
8104,0
8105,0
8106,0
8107,-1
8108,-1
8109,0
8110,1
8111,1
8112,1
8113,-1
8114,-1
8115,1
8116,0
8117,1
8118,1
8119,1
8120,-1
8121,0
8122,1
8123,0
8124,0
8125,1
8126,1
8127,0
8128,0
8129,-1
8130,0
8131,0
8132,-1
8133,0
8134,0
8135,-1
8136,0
8137,0
8138,0
8139,1
8140,1
8141,0
8142,1
8143,1
8144,0
8145,1
8146,1
8147,1
8148,1
8149,1
8150,0
8151,1
8152,-1
8153,1
8154,0
8155,1
8156,0
8157,-1
8158,-1
8159,1
8160,-1
8161,-1
8162,1
8163,-1
8164,1
8165,-1
8166,1
8167,1
8168,1
8169,-1
8170,0
8171,0
8172,1
8173,-1
8174,1
8175,1
8176,1
8177,1
8178,-1
8179,-1
8180,-1
8181,-1
8182,1
8183,-1
8184,-1
8185,-1
8186,0
8187,0
8188,-1
8189,-1
8190,-1
8191,-1
8192,-1
8193,0
8194,1
8195,0
8196,1
8197,1
8198,1
8199,-1
8200,0
8201,-1
8202,1
8203,-1
8204,1
8205,1
8206,1
8207,-1
8208,1
8209,1
8210,1
8211,1
8212,1
8213,1
8214,-1
8215,1
8216,-1
8217,-1
8218,1
8219,-1
8220,0
8221,0
8222,0
8223,0
8224,1
8225,1
8226,0
8227,1
8228,0
8229,-1
8230,1
8231,0
8232,0
8233,0
8234,0
8235,1
8236,0
8237,-1
8238,0
8239,-1
8240,0
8241,1
8242,1
8243,-1
8244,-1
8245,1
8246,1
8247,1
8248,1
8249,1
8250,0
8251,1
8252,-1
8253,1
8254,0
8255,1
8256,-1
8257,-1
8258,0
8259,-1
8260,-1
8261,-1
8262,1
8263,1
8264,-1
8265,-1
8266,1
8267,-1
8268,1
8269,0
8270,1
8271,0
8272,-1
8273,1
8274,-1
8275,1
8276,1
8277,0
8278,0
8279,1
8280,1
8281,0
8282,1
8283,1
8284,1
8285,1
8286,-1
8287,-1
8288,1
8289,0
8290,0
8291,1
8292,1
8293,-1
8294,0
8295,1
8296,1
8297,1
8298,1
8299,-1
8300,0
8301,-1
8302,-1
8303,-1
8304,0
8305,0
8306,0
8307,0
8308,1
8309,1
8310,-1
8311,1
8312,1
8313,1
8314,1
8315,0
8316,0
8317,1
8318,0
8319,-1
8320,1
8321,-1
8322,0
8323,0
8324,1
8325,1
8326,1
8327,0
8328,1
8329,0
8330,-1
8331,-1
8332,-1
8333,-1
8334,1
8335,-1
8336,-1
8337,-1
8338,-1
8339,1
8340,1
8341,-1
8342,-1
8343,1
8344,1
8345,1
8346,1
8347,1
8348,-1
8349,0
8350,1
8351,-1
8352,1
8353,-1
8354,0
8355,1
8356,-1
8357,-1
8358,0
8359,1
8360,1
8361,1
8362,-1
8363,1
8364,0
8365,1
8366,0
8367,1
8368,-1
8369,-1
8370,1
8371,-1
8372,0
8373,1
8374,0
8375,0
8376,-1
8377,0
8378,1
8379,1
8380,-1
8381,0
8382,1
8383,-1
8384,1
8385,1
8386,1
8387,-1
8388,-1
8389,-1
8390,1
8391,1
8392,-1
8393,1
8394,0
8395,0
8396,0
8397,-1
8398,1
8399,1
8400,1
8401,-1
8402,1
8403,0
8404,-1
8405,-1
8406,0
8407,0
8408,0
8409,1
8410,1
8411,1
8412,-1
8413,1
8414,1
8415,0
8416,-1
8417,0
8418,0
8419,-1
8420,0
8421,1
8422,1
8423,-1
8424,0
8425,-1
8426,1
8427,1
8428,1
8429,0
8430,-1
8431,1
8432,0
8433,0
8434,0
8435,-1
8436,0
8437,1
8438,-1
8439,-1
8440,1
8441,-1
8442,0
8443,1
8444,0
8445,-1
8446,-1
8447,1
8448,-1
8449,-1
8450,1
8451,1
8452,-1
8453,0
8454,0
8455,1
8456,1
8457,1
8458,1
8459,-1
8460,1
8461,0
8462,-1
8463,-1
8464,0
8465,0
8466,0
8467,-1
8468,-1
8469,1
8470,1
8471,1
8472,-1
8473,1
8474,1
8475,1
8476,-1
8477,-1
8478,1
8479,0
8480,1
8481,1
8482,0
8483,1
8484,0
8485,0
8486,-1
8487,-1
8488,0
8489,0
8490,-1
8491,-1
8492,1
8493,1
8494,-1
8495,-1
8496,1
8497,0
8498,-1
8499,0
8500,-1
8501,-1
8502,1
8503,1
8504,1
8505,-1
8506,0
8507,1
8508,0
8509,0
8510,0
8511,1
8512,0
8513,1
8514,1
8515,1
8516,1
8517,-1
8518,0
8519,1
8520,0
8521,-1
8522,1
8523,0
8524,0
8525,0
8526,1
8527,1
8528,1
8529,-1
8530,1
8531,0
8532,0
8533,-1
8534,1
8535,-1
8536,-1
8537,1
8538,1
8539,1
8540,-1
8541,-1
8542,1
8543,0
8544,1
8545,0
8546,-1
8547,1
8548,-1
8549,1
8550,-1
8551,0
8552,-1
8553,-1
8554,0
8555,-1
8556,1
8557,-1
8558,0
8559,1
8560,-1
8561,0
8562,-1
8563,0
8564,0
8565,0
8566,0
8567,-1
8568,0
8569,0
8570,1
8571,1
8572,0
8573,-1
8574,-1
8575,-1
8576,0
8577,0
8578,0
8579,-1
8580,1
8581,0
8582,1
8583,0
8584,1
8585,1
8586,-1
8587,0
8588,0
8589,0
8590,-1
8591,1
8592,-1
8593,-1
8594,1
8595,1
8596,-1
8597,-1
8598,1
8599,1
8600,-1
8601,1
8602,1
8603,0
8604,-1
8605,-1
8606,1
8607,0
8608,1
8609,-1
8610,-1
8611,0
8612,1
8613,-1
8614,0
8615,0
8616,-1
8617,1
8618,1
8619,-1
8620,1
8621,1
8622,0
8623,1
8624,1
8625,0
8626,0
8627,-1
8628,0
8629,-1
8630,0
8631,-1
8632,1
8633,-1
8634,1
8635,1
8636,-1
8637,1
8638,0
8639,1
8640,-1
8641,0
8642,0
8643,1
8644,0
8645,1
8646,-1
8647,0
8648,0
8649,1
8650,-1
8651,0
8652,0
8653,1
8654,1
8655,1
8656,1
8657,-1
8658,-1
8659,1
8660,1
8661,-1
8662,0
8663,0
8664,-1
8665,0
8666,-1
8667,-1
8668,1
8669,0
8670,1
8671,1
8672,0
8673,-1
8674,0
8675,1
8676,1
8677,1
8678,1
8679,0
8680,-1
8681,0
8682,0
8683,1
8684,1
8685,0
8686,1
8687,1
8688,0
8689,0
8690,1
8691,0
8692,0
8693,1
8694,-1
8695,0
8696,1
8697,0
8698,1
8699,1
8700,0
8701,-1
8702,0
8703,1
8704,0
8705,0
8706,1
8707,1
8708,1
8709,0
8710,-1
8711,-1
8712,0
8713,0
8714,-1
8715,-1
8716,1
8717,1
8718,1
8719,0
8720,-1
8721,1
8722,1
8723,0
8724,-1
8725,1
8726,1
8727,-1
8728,1
8729,-1
8730,-1
8731,1
8732,0
8733,1
8734,1
8735,0
8736,1
8737,0
8738,-1
8739,-1
8740,0
8741,-1
8742,0
8743,-1
8744,1
8745,-1
8746,1
8747,-1
8748,0
8749,0
8750,1
8751,0
8752,1
8753,1
8754,1
8755,-1
8756,1
8757,0
8758,1
8759,1
8760,1
8761,0
8762,1
8763,-1
8764,0
8765,-1
8766,1
8767,0
8768,1
8769,-1
8770,1
8771,0
8772,-1
8773,1
8774,0
8775,1
8776,-1
8777,-1
8778,1
8779,0
8780,-1
8781,0
8782,1
8783,1
8784,0
8785,1
8786,1
8787,1
8788,1
8789,-1
8790,0
8791,0
8792,1
8793,1
8794,-1
8795,0
8796,1
8797,-1
8798,0
8799,0
8800,-1
8801,-1
8802,1
8803,1
8804,-1
8805,1
8806,1
8807,0
8808,0
8809,-1
8810,0
8811,0
8812,1
8813,0
8814,1
8815,-1
8816,-1
8817,-1
8818,1
8819,-1
8820,0
8821,-1
8822,-1
8823,0
8824,0
8825,0
8826,1
8827,1
8828,1
8829,0
8830,0
8831,-1
8832,0
8833,-1
8834,-1
8835,1
8836,0
8837,-1
8838,0
8839,1
8840,1
8841,1
8842,1
8843,0
8844,0
8845,0
8846,-1
8847,-1
8848,-1
8849,1
8850,-1
8851,0
8852,-1
8853,-1
8854,1
8855,0
8856,0
8857,0
8858,-1
8859,1
8860,1
8861,-1
8862,1
8863,1
8864,-1
8865,-1
8866,0
8867,1
8868,1
8869,-1
8870,1
8871,1
8872,0
8873,-1
8874,1
8875,1
8876,-1
8877,0
8878,1
8879,1
8880,-1
8881,0
8882,-1
8883,1
8884,0
8885,-1
8886,1
8887,-1
8888,-1
8889,1
8890,1
8891,0
8892,1
8893,1
8894,-1
8895,-1
8896,-1
8897,1
8898,1
8899,-1
8900,-1
8901,-1
8902,0
8903,1
8904,1
8905,-1
8906,1
8907,0
8908,0
8909,0
8910,0
8911,-1
8912,1
8913,1
8914,0
8915,1
8916,1
8917,1
8918,1
8919,-1
8920,0
8921,1
8922,1
8923,-1
8924,-1
8925,0
8926,-1
8927,-1
8928,0
8929,-1
8930,0
8931,1
8932,0
8933,0
8934,1
8935,1
8936,-1
8937,-1
8938,0
8939,1
8940,0
8941,1
8942,-1
8943,-1
8944,-1
8945,0
8946,1
8947,0
8948,0
8949,1
8950,1
8951,-1
8952,0
8953,-1
8954,0
8955,1
8956,-1
8957,-1
8958,1
8959,0
8960,0
8961,-1
8962,0
8963,1
8964,1
8965,1
8966,-1
8967,1
8968,1
8969,1
8970,1
8971,-1
8972,-1
8973,-1
8974,1
8975,0
8976,1
8977,1
8978,0
8979,1
8980,1
8981,0
8982,0
8983,0
8984,1
8985,-1
8986,-1
8987,1
8988,-1
8989,0
8990,-1
8991,-1
8992,1
8993,-1
8994,-1
8995,-1
8996,-1
8997,1
8998,-1
8999,0
9000,-1
9001,0
9002,-1
9003,-1
9004,-1
9005,1
9006,1
9007,-1
9008,1
9009,1
9010,-1
9011,0
9012,0
9013,-1
9014,0
9015,1
9016,0
9017,-1
9018,-1
9019,0
9020,0
9021,0
9022,-1
9023,0
9024,0
9025,1
9026,1
9027,1
9028,-1
9029,-1
9030,-1
9031,0
9032,1
9033,0
9034,-1
9035,1
9036,1
9037,-1
9038,-1
9039,-1
9040,-1
9041,0
9042,-1
9043,-1
9044,-1
9045,0
9046,1
9047,1
9048,0
9049,1
9050,0
9051,-1
9052,-1
9053,1
9054,1
9055,0
9056,-1
9057,0
9058,0
9059,1
9060,0
9061,0
9062,1
9063,1
9064,1
9065,1
9066,-1
9067,-1
9068,0
9069,1
9070,1
9071,0
9072,-1
9073,-1
9074,-1
9075,1
9076,1
9077,0
9078,1
9079,-1
9080,-1
9081,-1
9082,1
9083,1
9084,-1
9085,-1
9086,-1
9087,0
9088,1
9089,0
9090,0
9091,0
9092,1
9093,1
9094,0
9095,1
9096,1
9097,-1
9098,0
9099,-1
9100,1
9101,0
9102,1
9103,0
9104,-1
9105,-1
9106,-1
9107,-1
9108,1
9109,1
9110,0
9111,-1
9112,-1
9113,0
9114,-1
9115,1
9116,1
9117,0
9118,0
9119,1
9120,0
9121,1
9122,0
9123,1
9124,0
9125,-1
9126,1
9127,0
9128,0
9129,1
9130,-1
9131,0
9132,-1
9133,0
9134,-1
9135,0
9136,1
9137,-1
9138,-1
9139,-1
9140,1
9141,1
9142,0
9143,-1
9144,1
9145,-1
9146,-1
9147,0
9148,1
9149,1
9150,-1
9151,1
9152,1
9153,1
9154,-1
9155,1
9156,0
9157,0
9158,0
9159,0
9160,1
9161,1
9162,-1
9163,1
9164,0
9165,-1
9166,1
9167,1
9168,1
9169,0
9170,0
9171,0
9172,-1
9173,1
9174,1
9175,1
9176,1
9177,0
9178,0
9179,-1
9180,0
9181,1
9182,1
9183,-1
9184,1
9185,-1
9186,1
9187,-1
9188,-1
9189,0
9190,0
9191,0
9192,-1
9193,0
9194,1
9195,0
9196,-1
9197,1
9198,0
9199,1
9200,0
9201,1
9202,0
9203,0
9204,-1
9205,0
9206,-1
9207,1
9208,1
9209,1
9210,1
9211,-1
9212,1
9213,-1
9214,1
9215,0
9216,1
9217,-1
9218,0
9219,0
9220,1
9221,-1
9222,-1
9223,-1
9224,1
9225,1
9226,-1
9227,0
9228,1
9229,1
9230,0
9231,-1
9232,0
9233,-1
9234,1
9235,0
9236,0
9237,1
9238,0
9239,1
9240,1
9241,0
9242,0
9243,1
9244,0
9245,0
9246,1
9247,-1
9248,1
9249,-1
9250,1
9251,1
9252,-1
9253,1
9254,-1
9255,-1
9256,0
9257,0
9258,0
9259,1
9260,1
9261,0
9262,1
9263,0
9264,1
9265,1
9266,0
9267,1
9268,1
9269,1
9270,0
9271,1
9272,0
9273,1
9274,1
9275,-1
9276,-1
9277,-1
9278,0
9279,1
9280,1
9281,1
9282,1
9283,0
9284,0
9285,1
9286,-1
9287,1
9288,-1
9289,0
9290,1
9291,-1
9292,-1
9293,-1
9294,-1
9295,1
9296,-1
9297,1
9298,-1
9299,0
9300,1
9301,0
9302,-1
9303,0
9304,1
9305,0
9306,1
9307,-1
9308,-1
9309,1
9310,1
9311,0
9312,0
9313,1
9314,1
9315,-1
9316,1
9317,-1
9318,-1
9319,-1
9320,1
9321,1
9322,-1
9323,0
9324,1
9325,-1
9326,0
9327,0
9328,1
9329,1
9330,1
9331,1
9332,1
9333,-1
9334,1
9335,0
9336,1
9337,0
9338,1
9339,-1
9340,-1
9341,1
9342,0
9343,0
9344,0
9345,1
9346,-1
9347,1
9348,0
9349,0
9350,0
9351,0
9352,-1
9353,1
9354,1
9355,-1
9356,1
9357,1
9358,0
9359,1
9360,1
9361,0
9362,-1
9363,-1
9364,-1
9365,1
9366,-1
9367,0
9368,0
9369,1
9370,1
9371,0
9372,-1
9373,0
9374,1
9375,1
9376,1
9377,-1
9378,1
9379,0
9380,0
9381,1
9382,1
9383,1
9384,0
9385,-1
9386,1
9387,1
9388,-1
9389,0
9390,0
9391,-1
9392,0
9393,-1
9394,-1
9395,0
9396,1
9397,1
9398,-1
9399,1
9400,1
9401,0
9402,0
9403,1
9404,1
9405,1
9406,-1
9407,1
9408,-1
9409,1
9410,1
9411,1
9412,1
9413,-1
9414,1
9415,0
9416,0
9417,1
9418,0
9419,-1
9420,0
9421,0
9422,0
9423,-1
9424,1
9425,0
9426,-1
9427,0
9428,1
9429,-1
9430,-1
9431,0
9432,1
9433,1
9434,1
9435,-1
9436,1
9437,-1
9438,0
9439,-1
9440,1
9441,-1
9442,0
9443,1
9444,1
9445,0
9446,1
9447,1
9448,-1
9449,1
9450,0
9451,0
9452,0
9453,-1
9454,1
9455,-1
9456,0
9457,1
9458,-1
9459,0
9460,0
9461,1
9462,1
9463,1
9464,-1
9465,-1
9466,0
9467,-1
9468,0
9469,1
9470,1
9471,1
9472,0
9473,-1
9474,-1
9475,0
9476,0
9477,1
9478,-1
9479,1
9480,1
9481,1
9482,1
9483,-1
9484,-1
9485,1
9486,1
9487,1
9488,1
9489,1
9490,0
9491,-1
9492,-1
9493,1
9494,1
9495,1
9496,1
9497,0
9498,0
9499,-1
9500,0
9501,1
9502,1
9503,-1
9504,0
9505,-1
9506,1
9507,1
9508,-1
9509,0
9510,1
9511,0
9512,-1
9513,-1
9514,-1
9515,1
9516,1
9517,0
9518,-1
9519,0
9520,0
9521,-1
9522,-1
9523,1
9524,1
9525,0
9526,0
9527,1
9528,0
9529,1
9530,0
9531,0
9532,0
9533,1
9534,1
9535,1
9536,-1
9537,1
9538,1
9539,1
9540,-1
9541,1
9542,-1
9543,1
9544,1
9545,1
9546,0
9547,0
9548,1
9549,1
9550,-1
9551,0
9552,1
9553,0
9554,-1
9555,0
9556,1
9557,0
9558,1
9559,1
9560,1
9561,1
9562,0
9563,1
9564,0
9565,0
9566,1
9567,-1
9568,-1
9569,1
9570,0
9571,-1
9572,1
9573,-1
9574,0
9575,1
9576,-1
9577,1
9578,0
9579,0
9580,-1
9581,1
9582,0
9583,-1
9584,0
9585,-1
9586,1
9587,1
9588,1
9589,0
9590,1
9591,1
9592,0
9593,1
9594,-1
9595,0
9596,1
9597,1
9598,-1
9599,1
9600,1
9601,0
9602,0
9603,-1
9604,-1
9605,0
9606,-1
9607,1
9608,1
9609,1
9610,1
9611,0
9612,-1
9613,1
9614,1
9615,1
9616,0
9617,1
9618,-1
9619,0
9620,0
9621,0
9622,1
9623,1
9624,0
9625,1
9626,0
9627,1
9628,0
9629,0
9630,0
9631,0
9632,0
9633,-1
9634,1
9635,1
9636,-1
9637,0
9638,1
9639,1
9640,0
9641,0
9642,0
9643,-1
9644,0
9645,-1
9646,1
9647,0
9648,0
9649,-1
9650,1
9651,1
9652,1
9653,-1
9654,1
9655,0
9656,1
9657,1
9658,0
9659,1
9660,-1
9661,1
9662,0
9663,0
9664,1
9665,0
9666,-1
9667,1
9668,0
9669,-1
9670,-1
9671,0
9672,0
9673,0
9674,1
9675,0
9676,1
9677,0
9678,-1
9679,1
9680,0
9681,1
9682,-1
9683,-1
9684,1
9685,-1
9686,-1
9687,0
9688,1
9689,0
9690,1
9691,0
9692,1
9693,0
9694,1
9695,1
9696,-1
9697,1
9698,0
9699,1
9700,1
9701,-1
9702,-1
9703,0
9704,0
9705,-1
9706,-1
9707,0
9708,0
9709,-1
9710,-1
9711,-1
9712,-1
9713,1
9714,-1
9715,-1
9716,0
9717,-1
9718,-1
9719,1
9720,0
9721,1
9722,1
9723,1
9724,0
9725,0
9726,0
9727,0
9728,1
9729,-1
9730,1
9731,1
9732,0
9733,1
9734,1
9735,1
9736,1
9737,0
9738,-1
9739,-1
9740,1
9741,0
9742,0
9743,-1
9744,0
9745,-1
9746,0
9747,-1
9748,1
9749,0
9750,0
9751,0
9752,1
9753,1
9754,1
9755,1
9756,1
9757,1
9758,1
9759,0
9760,1
9761,0
9762,1
9763,1
9764,0
9765,1
9766,-1
9767,0
9768,-1
9769,1
9770,1
9771,-1
9772,1
9773,-1
9774,0
9775,1
9776,-1
9777,0
9778,0
9779,1
9780,-1
9781,1
9782,0
9783,-1
9784,0
9785,1
9786,-1
9787,0
9788,1
9789,1
9790,0
9791,1
9792,0
9793,1
9794,1
9795,1
9796,1
9797,0
9798,1
9799,0
9800,-1
9801,0
9802,1
9803,1
9804,-1
9805,1
9806,1
9807,1
9808,-1
9809,-1
9810,-1
9811,0
9812,1
9813,1
9814,0
9815,1
9816,1
9817,0
9818,1
9819,0
9820,-1
9821,1
9822,1
9823,1
9824,1
9825,0
9826,1
9827,-1
9828,-1
9829,-1
9830,1
9831,1
9832,1
9833,1
9834,0
9835,1
9836,1
9837,0
9838,1
9839,-1
9840,0
9841,1
9842,0
9843,0
9844,-1
9845,-1
9846,-1
9847,1
9848,1
9849,-1
9850,0
9851,1
9852,1
9853,-1
9854,0
9855,1
9856,-1
9857,0
9858,-1
9859,-1
9860,-1
9861,0
9862,1
9863,-1
9864,1
9865,0
9866,1
9867,0
9868,0
9869,1
9870,-1
9871,0
9872,0
9873,1
9874,1
9875,0
9876,1
9877,0
9878,1
9879,1
9880,0
9881,1
9882,1
9883,-1
9884,-1
9885,-1
9886,0
9887,0
9888,0
9889,1
9890,0
9891,1
9892,-1
9893,0
9894,1
9895,1
9896,1
9897,1
9898,-1
9899,1
9900,-1
9901,0
9902,0
9903,1
9904,0
9905,-1
9906,1
9907,1
9908,0
9909,0
9910,1
9911,1
9912,0
9913,1
9914,1
9915,-1
9916,0
9917,0
9918,0
9919,0
9920,1
9921,-1
9922,-1
9923,1
9924,1
9925,0
9926,0
9927,1
9928,1
9929,0
9930,-1
9931,0
9932,1
9933,1
9934,1
9935,0
9936,1
9937,0
9938,0
9939,0
9940,1
9941,-1
9942,1
9943,1
9944,-1
9945,1
9946,-1
9947,1
9948,1
9949,0
9950,-1
9951,-1
9952,-1
9953,1
9954,0
9955,0
9956,1
9957,1
9958,0
9959,-1
9960,1
9961,0
9962,0
9963,1
9964,1
9965,-1
9966,0
9967,1
9968,0
9969,1
9970,0
9971,1
9972,0
9973,1
9974,1
9975,1
9976,0
9977,-1
9978,-1
9979,-1
9980,-1
9981,1
9982,1
9983,1
9984,0
9985,1
9986,0
9987,1
9988,0
9989,1
9990,-1
9991,-1
9992,0
9993,1
9994,-1
9995,0
9996,1
9997,1
9998,-1
9999,-1
10000,0
10001,-1
10002,0
10003,-1
10004,1
10005,0
10006,1
10007,1
10008,1
10009,1
10010,-1
10011,1
10012,-1
10013,-1
10014,-1
10015,0
10016,-1
10017,-1
10018,0
10019,1
10020,1
10021,0
10022,-1
10023,-1
10024,1
10025,0
10026,0
10027,-1
10028,1
10029,0
10030,-1
10031,1
10032,1
10033,0
10034,0
10035,0
10036,-1
10037,0
10038,0
10039,0
10040,-1
10041,1
10042,0
10043,-1
10044,1
10045,1
10046,1
10047,1
10048,1
10049,1
10050,1
10051,1
10052,-1
10053,-1
10054,1
10055,0
10056,-1
10057,0
10058,0
10059,1
10060,0
10061,0
10062,-1
10063,1
10064,0
10065,0
10066,0
10067,-1
10068,-1
10069,-1
10070,1
10071,1
10072,1
10073,-1
10074,0
10075,-1
10076,0
10077,-1
10078,-1
10079,0
10080,-1
10081,1
10082,1
10083,-1
10084,-1
10085,-1
10086,1
10087,0
10088,1
10089,-1
10090,-1
10091,-1
10092,0
10093,-1
10094,-1
10095,-1
10096,0
10097,0
10098,1
10099,0
10100,0
10101,0
10102,0
10103,-1
10104,0
10105,1
10106,1
10107,1
10108,1
10109,1
10110,1
10111,1
10112,1
10113,-1
10114,0
10115,-1
10116,1
10117,1
10118,-1
10119,0
10120,-1
10121,0
10122,1
10123,-1
10124,1
10125,0
10126,1
10127,1
10128,-1
10129,1
10130,0
10131,1
10132,1
10133,-1
10134,0
10135,0
10136,0
10137,1
10138,1
10139,-1
10140,-1
10141,-1
10142,1
10143,0
10144,0
10145,1
10146,1
10147,-1
10148,0
10149,0
10150,1
10151,1
10152,-1
10153,0
10154,0
10155,-1
10156,1
10157,-1
10158,1
10159,1
10160,1
10161,1
10162,1
10163,1
10164,1
10165,1
10166,-1
10167,-1
10168,1
10169,-1
10170,1
10171,0
10172,1
10173,1
10174,1
10175,0
10176,1
10177,-1
10178,1
10179,0
10180,0
10181,-1
10182,1
10183,-1
10184,0
10185,1
10186,1
10187,0
10188,-1
10189,1
10190,0
10191,1
10192,-1
10193,-1
10194,0
10195,1
10196,0
10197,-1
10198,1
10199,1
10200,-1
10201,-1
10202,-1
10203,1
10204,1
10205,0
10206,-1
10207,1
10208,1
10209,0
10210,-1
10211,0
10212,1
10213,-1
10214,-1
10215,-1
10216,0
10217,1
10218,-1
10219,-1
10220,-1
10221,-1
10222,-1
10223,-1
10224,0
10225,-1
10226,-1
10227,1
10228,-1
10229,1
10230,1
10231,-1
10232,1
10233,-1
10234,1
10235,-1
10236,-1
10237,1
10238,0
10239,1
10240,1
10241,0
10242,0
10243,0
10244,0
10245,-1
10246,0
10247,1
10248,-1
10249,0
10250,1
10251,0
10252,-1
10253,1
10254,0
10255,1
10256,1
10257,0
10258,1
10259,1
10260,1
10261,0
10262,-1
10263,1
10264,-1
10265,0
10266,0
10267,-1
10268,0
10269,-1
10270,1
10271,1
10272,1
10273,0
10274,1
10275,-1
10276,1
10277,-1
10278,-1
10279,0
10280,0
10281,1
10282,1
10283,-1
10284,0
10285,-1
10286,-1
10287,0
10288,1
10289,-1
10290,0
10291,-1
10292,-1
10293,0
10294,0
10295,1
10296,0
10297,1
10298,0
10299,1
10300,0
10301,0
10302,1
10303,-1
10304,0
10305,1
10306,1
10307,-1
10308,0
10309,0
10310,1
10311,-1
10312,-1
10313,1
10314,-1
10315,1
10316,1
10317,1
10318,-1
10319,-1
10320,0
10321,0
10322,1
10323,1
10324,-1
10325,1
10326,0
10327,0
10328,0
10329,1
10330,0
10331,-1
10332,-1
10333,0
10334,0
10335,-1
10336,-1
10337,0
10338,1
10339,0
10340,-1
10341,0
10342,0
10343,1
10344,-1
10345,-1
10346,1
10347,0
10348,0
10349,0
10350,-1
10351,1
10352,1
10353,-1
10354,1
10355,1
10356,1
10357,-1
10358,1
10359,1
10360,-1
10361,0
10362,0
10363,1
10364,-1
10365,0
10366,-1
10367,-1
10368,1
10369,1
10370,1
10371,-1
10372,1
10373,1
10374,-1
10375,0
10376,0
10377,0
10378,1
10379,-1
10380,0
10381,1
10382,-1
10383,1
10384,-1
10385,0
10386,0
10387,0
10388,0
10389,-1
10390,1
10391,-1
10392,0
10393,1
10394,0
10395,0
10396,-1
10397,1
10398,0
10399,1
10400,0
10401,0
10402,0
10403,1
10404,1
10405,-1
10406,1
10407,0
10408,-1
10409,1
10410,0
10411,0
10412,-1
10413,-1
10414,1
10415,0
10416,-1
10417,1
10418,1
10419,0
10420,-1
10421,1
10422,0
10423,1
10424,-1
10425,-1
10426,0
10427,1
10428,1
10429,-1
10430,1
10431,1
10432,-1
10433,1
10434,0
10435,0
10436,1
10437,1
10438,0
10439,1
10440,1
10441,0
10442,0
10443,-1
10444,0
10445,-1
10446,-1
10447,1
10448,0
10449,1
10450,0
10451,-1
10452,-1
10453,-1
10454,-1
10455,1
10456,-1
10457,1
10458,1
10459,0
10460,1
10461,0
10462,0
10463,0
10464,0
10465,-1
10466,-1
10467,-1
10468,-1
10469,0
10470,1
10471,-1
10472,1
10473,-1
10474,1
10475,-1
10476,0
10477,0
10478,1
10479,1
10480,1
10481,-1
10482,1
10483,-1
10484,1
10485,1
10486,0
10487,1
10488,-1
10489,0
10490,1
10491,-1
10492,1
10493,1
10494,0
10495,0
10496,-1
10497,1
10498,-1
10499,0
10500,1
10501,1
10502,-1
10503,-1
10504,0
10505,1
10506,-1
10507,0
10508,-1
10509,-1
10510,-1
10511,0
10512,0
10513,-1
10514,0
10515,1
10516,0
10517,-1
10518,1
10519,1
10520,1
10521,0
10522,1
10523,1
10524,1
10525,-1
10526,-1
10527,1
10528,1
10529,0
10530,1
10531,-1
10532,1
10533,1
10534,0
10535,-1
10536,1
10537,1
10538,0
10539,-1
10540,-1
10541,0
10542,1
10543,1
10544,0
10545,1
10546,0
10547,-1
10548,0
10549,1
10550,1
10551,0
10552,-1
10553,-1
10554,0
10555,0
10556,-1
10557,1
10558,-1
10559,0
10560,1
10561,1
10562,-1
10563,0
10564,0
10565,-1
10566,-1
10567,0
10568,0
10569,0
10570,1
10571,0
10572,1
10573,1
10574,1
10575,0
10576,1
10577,0
10578,-1
10579,1
10580,1
10581,-1
10582,0
10583,-1
10584,0
10585,1
10586,-1
10587,-1
10588,-1
10589,0
10590,-1
10591,-1
10592,1
10593,0
10594,0
10595,-1
10596,-1
10597,0
10598,0
10599,-1
10600,-1
10601,1
10602,1
10603,-1
10604,1
10605,1
10606,1
10607,-1
10608,1
10609,-1
10610,1
10611,-1
10612,1
10613,-1
10614,1
10615,-1
10616,0
10617,0
10618,-1
10619,1
10620,1
10621,0
10622,-1
10623,0
10624,1
10625,-1
10626,1
10627,0
10628,-1
10629,-1
10630,1
10631,0
10632,0
10633,-1
10634,-1
10635,0
10636,0
10637,0
10638,0
10639,1
10640,-1
10641,0
10642,0
10643,1
10644,1
10645,-1
10646,0
10647,1
10648,-1
10649,1
10650,-1
10651,1
10652,1
10653,0
10654,-1
10655,0
10656,0
10657,-1
10658,-1
10659,1
10660,1
10661,1
10662,0
10663,0
10664,0
10665,-1
10666,0
10667,0
10668,0
10669,0
10670,-1
10671,1
10672,0
10673,-1
10674,-1
10675,0
10676,1
10677,-1
10678,-1
10679,-1
10680,-1
10681,1
10682,1
10683,0
10684,-1
10685,0
10686,1
10687,0
10688,1
10689,-1
10690,1
10691,-1
10692,0
10693,0
10694,-1
10695,0
10696,0
10697,-1
10698,1
10699,-1
10700,-1
10701,-1
10702,0
10703,1
10704,-1
10705,1
10706,0
10707,-1
10708,1
10709,0
10710,1
10711,1
10712,-1
10713,-1
10714,1
10715,1
10716,-1
10717,1
10718,-1
10719,-1
10720,0
10721,1
10722,1
10723,1
10724,0
10725,-1
10726,0
10727,-1
10728,0
10729,1
10730,0
10731,1
10732,1
10733,0
10734,0
10735,0
10736,0
10737,1
10738,1
10739,0
10740,-1
10741,1
10742,0
10743,-1
10744,-1
10745,-1
10746,-1
10747,0
10748,1
10749,-1
10750,1
10751,0
10752,-1
10753,1
10754,1
10755,1
10756,1
10757,1
10758,1
10759,1
10760,-1
10761,-1
10762,-1
10763,1
10764,1
10765,-1
10766,-1
10767,1
10768,0
10769,-1
10770,1
10771,0
10772,-1
10773,1
10774,1
10775,-1
10776,-1
10777,-1
10778,1
10779,1
10780,-1
10781,1
10782,-1
10783,0
10784,1
10785,-1
10786,-1
10787,-1
10788,-1
10789,1
10790,1
10791,-1
10792,1
10793,-1
10794,1
10795,-1
10796,-1
10797,0
10798,1
10799,1
10800,0
10801,0
10802,1
10803,1
10804,0
10805,0
10806,0
10807,-1
10808,0
10809,-1
10810,1
10811,-1
10812,1
10813,-1
10814,-1
10815,1
10816,0
10817,1
10818,1
10819,0
10820,0
10821,0
10822,1
10823,0
10824,1
10825,-1
10826,1
10827,1
10828,0
10829,1
10830,1
10831,-1
10832,0
10833,1
10834,1
10835,0
10836,1
10837,1
10838,0
10839,1
10840,1
10841,-1
10842,1
10843,-1
10844,-1
10845,0
10846,0
10847,1
10848,1
10849,-1
10850,1
10851,1
10852,-1
10853,1
10854,0
10855,1
10856,0
10857,0
10858,-1
10859,0
10860,-1
10861,-1
10862,-1
10863,1
10864,0
10865,1
10866,0
10867,0
10868,1
10869,-1
10870,-1
10871,-1
10872,1
10873,0
10874,1
10875,1
10876,0
10877,0
10878,-1
10879,1
10880,1
10881,1
10882,-1
10883,1
10884,-1
10885,0
10886,1
10887,-1
10888,-1
10889,0
10890,-1
10891,1
10892,-1
10893,1
10894,-1
10895,1
10896,-1
10897,0
10898,1
10899,-1
10900,0
10901,1
10902,-1
10903,0
10904,-1
10905,-1
10906,0
10907,0
10908,1
10909,1
10910,0
10911,0
10912,0
10913,0
10914,-1
10915,1
10916,-1
10917,1
10918,0
10919,-1
10920,-1
10921,1
10922,-1
10923,0
10924,1
10925,1
10926,0
10927,-1
10928,0
10929,1
10930,-1
10931,0
10932,1
10933,0
10934,1
10935,1
10936,-1
10937,0
10938,1
10939,0
10940,1
10941,1
10942,0
10943,-1
10944,-1
10945,1
10946,1
10947,-1
10948,1
10949,0
10950,-1
10951,-1
10952,-1
10953,0
10954,0
10955,-1
10956,1
10957,-1
10958,1
10959,1
10960,0
10961,0
10962,-1
10963,1
10964,1
10965,1
10966,-1
10967,0
10968,1
10969,-1
10970,-1
10971,1
10972,1
10973,-1
10974,-1
10975,1
10976,-1
10977,-1
10978,0
10979,-1
10980,-1
10981,1
10982,1
10983,1
10984,1
10985,0
10986,1
10987,1
10988,-1
10989,0
10990,0
10991,1
10992,1
10993,0
10994,0
10995,0
10996,0
10997,1
10998,0
10999,-1
11000,1
11001,1
11002,-1
11003,0
11004,1
11005,-1
11006,0
11007,1
11008,0
11009,0
11010,0
11011,1
11012,1
11013,-1
11014,0
11015,0
11016,0
11017,0
11018,-1
11019,0
11020,1
11021,0
11022,1
11023,1
11024,-1
11025,1
11026,-1
11027,0
11028,-1
11029,0
11030,0
11031,-1
11032,0
11033,1
11034,0
11035,1
11036,-1
11037,-1
11038,1
11039,0
11040,-1
11041,0
11042,1
11043,1
11044,1
11045,1
11046,0
11047,1
11048,0
11049,-1
11050,-1
11051,1
11052,1
11053,-1
11054,0
11055,0
11056,1
11057,0
11058,-1
11059,0
11060,-1
11061,0
11062,-1
11063,1
11064,1
11065,0
11066,1
11067,0
11068,1
11069,1
11070,1
11071,0
11072,0
11073,0
11074,0
11075,0
11076,-1
11077,1
11078,1
11079,-1
11080,-1
11081,0
11082,1
11083,-1
11084,1
11085,1
11086,1
11087,-1
11088,1
11089,-1
11090,1
11091,1
11092,-1
11093,-1
11094,-1
11095,0
11096,0
11097,-1
11098,-1
11099,1
11100,1
11101,1
11102,0
11103,1
11104,1
11105,1
11106,1
11107,0
11108,-1
11109,0
11110,1
11111,0
11112,0
11113,-1
11114,1
11115,0
11116,1
11117,0
11118,-1
11119,1
11120,0
11121,-1
11122,-1
11123,-1
11124,-1
11125,-1
11126,1
11127,-1
11128,0
11129,-1
11130,-1
11131,-1
11132,-1
11133,0
11134,1
11135,1
11136,-1
11137,1
11138,1
11139,-1
11140,-1
11141,-1
11142,0
11143,0
11144,1
11145,1
11146,1
11147,0
11148,-1
11149,-1
11150,1
11151,-1
11152,-1
11153,1
11154,-1
11155,-1
11156,-1
11157,0
11158,1
11159,0
11160,0
11161,0
11162,-1
11163,1
11164,1
11165,0
11166,1
11167,1
11168,0
11169,0
11170,0
11171,1
11172,1
11173,0
11174,1
11175,1
11176,1
11177,0
11178,0
11179,-1
11180,1
11181,0
11182,1
11183,1
11184,1
11185,0
11186,1
11187,0
11188,0
11189,0
11190,1
11191,-1
11192,0
11193,0
11194,1
11195,0
11196,1
11197,1
11198,0
11199,1
11200,0
11201,-1
11202,1
11203,1
11204,-1
11205,-1
11206,0
11207,-1
11208,0
11209,-1
11210,1
11211,1
11212,-1
11213,-1
11214,0
11215,1
11216,0
11217,1
11218,1
11219,1
11220,1
11221,1
11222,1
11223,0
11224,1
11225,-1
11226,-1
11227,1
11228,0
11229,1
11230,-1
11231,1
11232,0
11233,1
11234,-1
11235,1
11236,0
11237,0
11238,0
11239,-1
11240,1
11241,-1
11242,1
11243,1
11244,1
11245,0
11246,1
11247,0
11248,-1
11249,1
11250,1
11251,0
11252,1
11253,-1
11254,-1
11255,1
11256,-1
11257,0
11258,1
11259,1
11260,0
11261,0
11262,1
11263,-1
11264,-1
11265,-1
11266,1
11267,-1
11268,0
11269,0
11270,1
11271,1
11272,1
11273,-1
11274,1
11275,0
11276,0
11277,1
11278,0
11279,0
11280,1
11281,0
11282,1
11283,0
11284,0
11285,0
11286,0
11287,-1
11288,-1
11289,1
11290,1
11291,1
11292,1
11293,0
11294,1
11295,-1
11296,0
11297,1
11298,0
11299,0
11300,0
11301,-1
11302,1
11303,0
11304,-1
11305,1
11306,-1
11307,0
11308,0
11309,1
11310,-1
11311,-1
11312,1
11313,1
11314,1
11315,1
11316,1
11317,0
11318,0
11319,0
11320,1
11321,1
11322,-1
11323,0
11324,1
11325,0
11326,0
11327,1
11328,-1
11329,-1
11330,0
11331,0
11332,-1
11333,0
11334,0
11335,-1
11336,1
11337,-1
11338,0
11339,0
11340,1
11341,0
11342,1
11343,1
11344,0
11345,0
11346,1
11347,1
11348,0
11349,0
11350,1
11351,-1
11352,-1
11353,1
11354,-1
11355,-1
11356,-1
11357,1
11358,0
11359,1
11360,-1
11361,0
11362,0
11363,-1
11364,-1
11365,1
11366,1
11367,0
11368,1
11369,0
11370,1
11371,1
11372,0
11373,1
11374,1
11375,0
11376,1
11377,0
11378,0
11379,-1
11380,1
11381,1
11382,0
11383,1
11384,-1
11385,1
11386,0
11387,0
11388,0
11389,0
11390,-1
11391,-1
11392,1
11393,1
11394,-1
11395,0
11396,0
11397,1
11398,-1
11399,1
11400,0
11401,1
11402,1
11403,0
11404,-1
11405,0
11406,-1
11407,0
11408,0
11409,0
11410,1
11411,1
11412,0
11413,1
11414,1
11415,0
11416,-1
11417,1
11418,1
11419,1
11420,0
11421,-1
11422,-1
11423,0
11424,-1
11425,-1
11426,-1
11427,0
11428,-1
11429,-1
11430,-1
11431,0
11432,1
11433,1
11434,-1
11435,1
11436,0
11437,0
11438,1
11439,1
11440,0
11441,0
11442,-1
11443,0
11444,-1
11445,1
11446,0
11447,0
11448,0
11449,1
11450,-1
11451,1
11452,-1
11453,0
11454,1
11455,0
11456,-1
11457,-1
11458,0
11459,0
11460,-1
11461,1
11462,0
11463,1
11464,0
11465,1
11466,-1
11467,-1
11468,1
11469,-1
11470,1
11471,-1
11472,1
11473,0
11474,0
11475,1
11476,1
11477,1
11478,1
11479,-1
11480,1
11481,0
11482,0
11483,1
11484,0
11485,1
11486,1
11487,-1
11488,1
11489,-1
11490,1
11491,1
11492,1
11493,-1
11494,1
11495,1
11496,1
11497,0
11498,-1
11499,1
11500,1
11501,-1
11502,-1
11503,1
11504,1
11505,0
11506,0
11507,0
11508,0
11509,1
11510,0
11511,1
11512,0
11513,0
11514,1
11515,1
11516,-1
11517,1
11518,0
11519,0
11520,0
11521,0
11522,1
11523,0
11524,1
11525,-1
11526,0
11527,1
11528,1
11529,1
11530,0
11531,0
11532,1
11533,0
11534,1
11535,1
11536,1
11537,1
11538,-1
11539,1
11540,-1
11541,0
11542,0
11543,1
11544,1
11545,1
11546,-1
11547,0
11548,-1
11549,1
11550,-1
11551,-1
11552,0
11553,1
11554,1
11555,-1
11556,1
11557,1
11558,1
11559,1
11560,1
11561,0
11562,-1
11563,-1
11564,1
11565,1
11566,1
11567,1
11568,0
11569,0
11570,1
11571,1
11572,1
11573,-1
11574,1
11575,0
11576,1
11577,-1
11578,-1
11579,0
11580,0
11581,1
11582,-1
11583,-1
11584,0
11585,1
11586,-1
11587,1
11588,1
11589,1
11590,1
11591,1
11592,1
11593,-1
11594,1
11595,0
11596,0
11597,-1
11598,-1
11599,1
11600,1
11601,1
11602,0
11603,-1
11604,-1
11605,-1
11606,0
11607,-1
11608,0
11609,1
11610,-1
11611,0
11612,1
11613,-1
11614,0
11615,1
11616,-1
11617,1
11618,0
11619,0
11620,-1
11621,0
11622,1
11623,1
11624,1
11625,1
11626,-1
11627,1
11628,-1
11629,1
11630,0
11631,1
11632,1
11633,0
11634,-1
11635,-1
11636,-1
11637,1
11638,1
11639,1
11640,1
11641,1
11642,1
11643,-1
11644,-1
11645,0
11646,0
11647,1
11648,0
11649,-1
11650,-1
11651,1
11652,1
11653,-1
11654,0
11655,-1
11656,-1
11657,-1
11658,0
11659,1
11660,1
11661,0
11662,-1
11663,0
11664,-1
11665,-1
11666,-1
11667,-1
11668,-1
11669,0
11670,0
11671,1
11672,-1
11673,-1
11674,-1
11675,1
11676,1
11677,0
11678,1
11679,1
11680,1
11681,0
11682,0
11683,-1
11684,1
11685,1
11686,0
11687,1
11688,-1
11689,1
11690,-1
11691,-1
11692,1
11693,1
11694,-1
11695,-1
11696,-1
11697,-1
11698,0
11699,-1
11700,1
11701,0
11702,0
11703,-1
11704,1
11705,-1
11706,1
11707,0
11708,-1
11709,1
11710,-1
11711,-1
11712,0
11713,-1
11714,1
11715,-1
11716,0
11717,1
11718,0
11719,1
11720,1
11721,-1
11722,0
11723,1
11724,-1
11725,0
11726,1
11727,0
11728,0
11729,0
11730,-1
11731,-1
11732,1
11733,-1
11734,-1
11735,1
11736,1
11737,0
11738,-1
11739,0
11740,1
11741,0
11742,1
11743,0
11744,-1
11745,-1
11746,1
11747,0
11748,-1
11749,1
11750,0
11751,-1
11752,0
11753,1
11754,0
11755,1
11756,-1
11757,1
11758,-1
11759,0
11760,-1
11761,-1
11762,1
11763,1
11764,1
11765,-1
11766,1
11767,1
11768,-1
11769,-1
11770,0
11771,1
11772,-1
11773,1
11774,1
11775,1
11776,0
11777,-1
11778,1
11779,1
11780,-1
11781,1
11782,0
11783,-1
11784,1
11785,1
11786,-1
11787,0
11788,-1
11789,-1
11790,0
11791,0
11792,1
11793,1
11794,1
11795,-1
11796,1
11797,-1
11798,0
11799,1
11800,1
11801,1
11802,-1
11803,-1
11804,1
11805,1
11806,1
11807,-1
11808,1
11809,-1
11810,1
11811,1
11812,1
11813,0
11814,-1
11815,1
11816,0
11817,-1
11818,1
11819,0
11820,0
11821,-1
11822,1
11823,1
11824,-1
11825,0
11826,-1
11827,1
11828,1
11829,0
11830,-1
11831,-1
11832,0
11833,-1
11834,0
11835,1
11836,0
11837,-1
11838,-1
11839,1
11840,1
11841,0
11842,1
11843,1
11844,-1
11845,0
11846,1
11847,1
11848,0
11849,-1
11850,-1
11851,1
11852,1
11853,-1
11854,-1
11855,-1
11856,-1
11857,0
11858,0
11859,-1
11860,1
11861,1
11862,-1
11863,0
11864,1
11865,1
11866,0
11867,-1
11868,-1
11869,1
11870,0
11871,-1
11872,-1
11873,-1
11874,0
11875,-1
11876,-1
11877,1
11878,-1
11879,1
11880,0
11881,-1
11882,1
11883,-1
11884,-1
11885,0
11886,-1
11887,1
11888,1
11889,-1
11890,0
11891,1
11892,-1
11893,-1
11894,-1
11895,0
11896,1
11897,1
11898,-1
11899,1
11900,0
11901,1
11902,0
11903,1
11904,1
11905,-1
11906,1
11907,0
11908,1
11909,0
11910,1
11911,0
11912,-1
11913,-1
11914,-1
11915,1
11916,0
11917,1
11918,1
11919,0
11920,0
11921,0
11922,-1
11923,1
11924,0
11925,1
11926,1
11927,0
11928,-1
11929,0
11930,-1
11931,1
11932,-1
11933,1
11934,1
11935,0
11936,1
11937,0
11938,1
11939,0
11940,0
11941,1
11942,0
11943,1
11944,1
11945,-1
11946,1
11947,0
11948,-1
11949,0
11950,1
11951,1
11952,-1
11953,-1
11954,-1
11955,1
11956,-1
11957,-1
11958,1
11959,0
11960,1
11961,0
11962,-1
11963,0
11964,0
11965,1
11966,1
11967,-1
11968,0
11969,1
11970,0
11971,0
11972,-1
11973,0
11974,1
11975,0
11976,1
11977,-1
11978,0
11979,-1
11980,0
11981,-1
11982,1
11983,-1
11984,1
11985,1
11986,-1
11987,1
11988,-1
11989,0
11990,0
11991,0
11992,1
11993,-1
11994,-1
11995,0
11996,0
11997,1
11998,1
11999,0
12000,0
12001,-1
12002,1
12003,1
12004,-1
12005,1
12006,1
12007,1
12008,1
12009,1
12010,1
12011,1
12012,-1
12013,0
12014,1
12015,1
12016,-1
12017,1
12018,0
12019,1
12020,-1
12021,-1
12022,1
12023,-1
12024,-1
12025,1
12026,1
12027,0
12028,-1
12029,0
12030,1
12031,1
12032,0
12033,0
12034,-1
12035,1
12036,1
12037,-1
12038,-1
12039,1
12040,1
12041,-1
12042,1
12043,1
12044,1
12045,-1
12046,0
12047,1
12048,1
12049,0
12050,1
12051,-1
12052,1
12053,-1
12054,0
12055,1
12056,1
12057,-1
12058,0
12059,0
12060,1
12061,-1
12062,-1
12063,-1
12064,1
12065,-1
12066,-1
12067,1
12068,1
12069,1
12070,-1
12071,0
12072,1
12073,1
12074,-1
12075,1
12076,1
12077,-1
12078,1
12079,-1
12080,-1
12081,0
12082,-1
12083,0
12084,0
12085,0
12086,1
12087,-1
12088,-1
12089,-1
12090,1
12091,0
12092,-1
12093,-1
12094,-1
12095,1
12096,0
12097,-1
12098,0
12099,1
12100,0
12101,0
12102,1
12103,0
12104,1
12105,1
12106,0
12107,1
12108,1
12109,0
12110,-1
12111,1
12112,1
12113,0
12114,-1
12115,1
12116,0
12117,0
12118,1
12119,0
12120,-1
12121,-1
12122,1
12123,-1
12124,1
12125,0
12126,0
12127,1
12128,-1
12129,1
12130,1
12131,1
12132,0
12133,1
12134,0
12135,1
12136,0
12137,0
12138,1
12139,-1
12140,-1
12141,1
12142,-1
12143,-1
12144,-1
12145,1
12146,-1
12147,-1
12148,1
12149,0
12150,0
12151,1
12152,1
12153,0
12154,-1
12155,0
12156,0
12157,0
12158,0
12159,0
12160,0
12161,0
12162,0
12163,-1
12164,0
12165,0
12166,0
12167,1
12168,1
12169,-1
12170,0
12171,-1
12172,1
12173,-1
12174,0
12175,-1
12176,1
12177,-1
12178,0
12179,1
12180,-1
12181,1
12182,1
12183,0
12184,1
12185,-1
12186,1
12187,1
12188,1
12189,-1
12190,1
12191,-1
12192,1
12193,0
12194,-1
12195,0
12196,1
12197,1
12198,-1
12199,1
12200,0
12201,0
12202,1
12203,1
12204,1
12205,1
12206,-1
12207,1
12208,0
12209,0
12210,-1
12211,1
12212,0
12213,-1
12214,0
12215,0
12216,1
12217,1
12218,1
12219,-1
12220,1
12221,-1
12222,-1
12223,1
12224,1
12225,1
12226,1
12227,-1
12228,1
12229,1
12230,0
12231,1
12232,0
12233,1
12234,1
12235,1
12236,0
12237,1
12238,1
12239,1
12240,0
12241,0
12242,0
12243,-1
12244,0
12245,-1
12246,0
12247,0
12248,1
12249,1
12250,1
12251,0
12252,1
12253,1
12254,1
12255,1
12256,1
12257,1
12258,1
12259,-1
12260,1
12261,1
12262,1
12263,0
12264,1
12265,0
12266,1
12267,1
12268,0
12269,-1
12270,0
12271,1
12272,1
12273,1
12274,0
12275,0
12276,-1
12277,1
12278,-1
12279,0
12280,1
12281,1
12282,-1
12283,-1
12284,-1
12285,1
12286,1
12287,-1
12288,1
12289,-1
12290,-1
12291,1
12292,1
12293,-1
12294,-1
12295,0
12296,0
12297,1
12298,0
12299,-1
12300,0
12301,1
12302,-1
12303,0
12304,-1
12305,0
12306,0
12307,1
12308,-1
12309,0
12310,0
12311,1
12312,-1
12313,1
12314,1
12315,-1
12316,0
12317,1
12318,0
12319,1
12320,-1
12321,0
12322,0
12323,0
12324,1
12325,1
12326,1
12327,0
12328,0
12329,-1
12330,0
12331,1
12332,0
12333,-1
12334,1
12335,0
12336,1
12337,-1
12338,-1
12339,1
12340,0
12341,-1
12342,1
12343,0
12344,1
12345,-1
12346,0
12347,0
12348,1
12349,1
12350,-1
12351,1
12352,1
12353,1
12354,0
12355,-1
12356,1
12357,1
12358,-1
12359,1
12360,0
12361,1
12362,1
12363,0
12364,1
12365,1
12366,-1
12367,0
12368,0
12369,0
12370,1
12371,1
12372,-1
12373,-1
12374,0
12375,0
12376,-1
12377,0
12378,0
12379,0
12380,0
12381,0
12382,-1
12383,1
12384,-1
12385,1
12386,1
12387,0
12388,1
12389,0
12390,1
12391,-1
12392,1
12393,-1
12394,0
12395,1
12396,0
12397,1
12398,0
12399,1
12400,-1
12401,1
12402,-1
12403,1
12404,1
12405,-1
12406,0
12407,0
12408,0
12409,1
12410,-1
12411,1
12412,-1
12413,0
12414,1
12415,1
12416,-1
12417,0
12418,0
12419,1
12420,1
12421,0
12422,1
12423,1
12424,1
12425,-1
12426,-1
12427,0
12428,0
12429,1
12430,1
12431,1
12432,0
12433,0
12434,1
12435,1
12436,1
12437,0
12438,-1
12439,-1
12440,-1
12441,1
12442,-1
12443,1
12444,-1
12445,0
12446,0
12447,-1
12448,1
12449,-1
12450,0
12451,0
12452,1
12453,0
12454,-1
12455,0
12456,-1
12457,1
12458,1
12459,-1
12460,1
12461,1
12462,1
12463,1
12464,1
12465,0
12466,0
12467,1
12468,-1
12469,0
12470,1
12471,-1
12472,0
12473,-1
12474,-1
12475,0
12476,1
12477,0
12478,1
12479,1
12480,-1
12481,0
12482,0
12483,-1
12484,-1
12485,1
12486,0
12487,-1
12488,-1
12489,-1
12490,-1
12491,1
12492,1
12493,1
12494,-1
12495,0
12496,1
12497,1
12498,1
12499,1
12500,0
12501,-1
12502,-1
12503,-1
12504,0
12505,-1
12506,0
12507,0
12508,1
12509,0
12510,0
12511,0
12512,0
12513,1
12514,0
12515,1
12516,-1
12517,0
12518,-1
12519,-1
12520,1
12521,1
12522,-1
12523,1
12524,0
12525,0
12526,0
12527,1
12528,1
12529,-1
12530,1
12531,-1
12532,0
12533,0
12534,0
12535,-1
12536,0
12537,0
12538,1
12539,-1
12540,1
12541,1
12542,0
12543,-1
12544,-1
12545,1
12546,1
12547,1
12548,0
12549,1
12550,-1
12551,1
12552,-1
12553,1
12554,0
12555,1
12556,1
12557,1
12558,0
12559,1
12560,1
12561,1
12562,-1
12563,-1
12564,-1
12565,-1
12566,1
12567,0
12568,1
12569,0
12570,1
12571,0
12572,0
12573,0
12574,1
12575,0
12576,1
12577,1
12578,1
12579,1
12580,0
12581,0
12582,1
12583,-1
12584,0
12585,-1
12586,0
12587,0
12588,1
12589,1
12590,-1
12591,1
12592,-1
12593,-1
12594,1
12595,1
12596,-1
12597,0
12598,0
12599,1
12600,1
12601,1
12602,0
12603,0
12604,1
12605,-1
12606,-1
12607,0
12608,0
12609,0
12610,1
12611,-1
12612,-1
12613,1
12614,-1
12615,-1
12616,0
12617,-1
12618,-1
12619,1
12620,1
12621,0
12622,-1
12623,1
12624,1
12625,0
12626,0
12627,0
12628,1
12629,1
12630,0
12631,1
12632,-1
12633,0
12634,0
12635,0
12636,0
12637,-1
12638,1
12639,0
12640,1
12641,1
12642,-1
12643,-1
12644,1
12645,0
12646,1
12647,0
12648,1
12649,1
12650,-1
12651,0
12652,0
12653,-1
12654,1
12655,-1
12656,-1
12657,0
12658,1
12659,0
12660,1
12661,0
12662,0
12663,0
12664,1
12665,-1
12666,1
12667,-1
12668,1
12669,1
12670,0
12671,-1
12672,0
12673,0
12674,-1
12675,-1
12676,1
12677,0
12678,0
12679,0
12680,1
12681,1
12682,1
12683,-1
12684,-1
12685,0
12686,1
12687,1
12688,0
12689,0
12690,1
12691,-1
12692,0
12693,-1
12694,1
12695,1
12696,1
12697,-1
12698,-1
12699,0
12700,1
12701,0
12702,-1
12703,-1
12704,1
12705,1
12706,0
12707,0
12708,-1
12709,0
12710,0
12711,-1
12712,1
12713,0
12714,0
12715,0
12716,-1
12717,0
12718,1
12719,-1
12720,1
12721,1
12722,0
12723,1
12724,1
12725,0
12726,0
12727,0
12728,1
12729,-1
12730,0
12731,1
12732,1
12733,0
12734,-1
12735,-1
12736,0
12737,0
12738,-1
12739,-1
12740,0
12741,1
12742,1
12743,1
12744,1
12745,1
12746,1
12747,0
12748,-1
12749,0
12750,-1
12751,-1
12752,0
12753,-1
12754,1
12755,0
12756,0
12757,1
12758,-1
12759,-1
12760,0
12761,1
12762,-1
12763,0
12764,1
12765,1
12766,1
12767,1
12768,-1
12769,1
12770,0
12771,1
12772,-1
12773,1
12774,1
12775,1
12776,-1
12777,0
12778,1
12779,0
12780,0
12781,0
12782,1
12783,1
12784,-1
12785,1
12786,0
12787,-1
12788,0
12789,1
12790,1
12791,-1
12792,1
12793,0
12794,-1
12795,0
12796,1
12797,1
12798,0
12799,0
12800,-1
12801,-1
12802,1
12803,1
12804,-1
12805,1
12806,1
12807,0
12808,1
12809,0
12810,1
12811,0
12812,0
12813,1
12814,1
12815,-1
12816,-1
12817,0
12818,-1
12819,1
12820,1
12821,1
12822,1
12823,-1
12824,0
12825,1
12826,-1
12827,1
12828,1
12829,0
12830,1
12831,-1
12832,-1
12833,0
12834,-1
12835,-1
12836,-1
12837,1
12838,0
12839,1
12840,1
12841,0
12842,-1
12843,0
12844,1
12845,-1
12846,0
12847,0
12848,0
12849,0
12850,0
12851,-1
12852,-1
12853,1
12854,1
12855,0
12856,0
12857,0
12858,1
12859,-1
12860,-1
12861,1
12862,-1
12863,0
12864,0
12865,-1
12866,1
12867,0
12868,0
12869,1
12870,0
12871,1
12872,1
12873,1
12874,-1
12875,1
12876,-1
12877,-1
12878,0
12879,-1
12880,0
12881,0
12882,-1
12883,-1
12884,0
12885,0
12886,0
12887,1
12888,-1
12889,0
12890,0
12891,1
12892,1
12893,-1
12894,-1
12895,0
12896,1
12897,-1
12898,1
12899,-1
12900,1
12901,0
12902,-1
12903,-1
12904,0
12905,1
12906,1
12907,0
12908,-1
12909,0
12910,-1
12911,1
12912,0
12913,-1
12914,1
12915,-1
12916,1
12917,-1
12918,0
12919,1
12920,0
12921,-1
12922,-1
12923,-1
12924,-1
12925,1
12926,0
12927,1
12928,1
12929,0
12930,-1
12931,-1
12932,0
12933,-1
12934,-1
12935,0
12936,1
12937,-1
12938,-1
12939,-1
12940,1
12941,0
12942,1
12943,1
12944,0
12945,1
12946,-1
12947,1
12948,1
12949,-1
12950,0
12951,0
12952,1
12953,1
12954,0
12955,0
12956,-1
12957,-1
12958,1
12959,1
12960,0
12961,-1
12962,0
12963,0
12964,0
12965,1
12966,1
12967,1
12968,-1
12969,1
12970,0
12971,-1
12972,-1
12973,0
12974,1
12975,-1
12976,1
12977,1
12978,1
12979,1
12980,-1
12981,1
12982,0
12983,1
12984,1
12985,-1
12986,1
12987,-1
12988,1
12989,-1
12990,1
12991,0
12992,-1
12993,0
12994,-1
12995,0
12996,0
12997,0
12998,0
12999,0
13000,1
13001,1
13002,-1
13003,-1
13004,1
13005,-1
13006,-1
13007,0
13008,-1
13009,-1
13010,1
13011,-1
13012,-1
13013,-1
13014,0
13015,-1
13016,0
13017,1
13018,1
13019,1
13020,0
13021,-1
13022,-1
13023,0
13024,1
13025,1
13026,0
13027,-1
13028,-1
13029,1
13030,1
13031,1
13032,1
13033,0
13034,1
13035,0
13036,1
13037,-1
13038,1
13039,-1
13040,1
13041,1
13042,1
13043,0
13044,-1
13045,-1
13046,1
13047,1
13048,1
13049,-1
13050,-1
13051,-1
13052,1
13053,1
13054,1
13055,1
13056,1
13057,0
13058,1
13059,-1
13060,-1
13061,1
13062,0
13063,-1
13064,1
13065,1
13066,1
13067,0
13068,-1
13069,1
13070,1
13071,0
13072,-1
13073,1
13074,1
13075,0
13076,1
13077,1
13078,1
13079,0
13080,0
13081,0
13082,1
13083,1
13084,0
13085,0
13086,1
13087,0
13088,0
13089,-1
13090,-1
13091,0
13092,-1
13093,1
13094,0
13095,1
13096,1
13097,1
13098,-1
13099,-1
13100,0
13101,0
13102,1
13103,1
13104,1
13105,-1
13106,0
13107,1
13108,-1
13109,0
13110,0
13111,-1
13112,0
13113,0
13114,-1
13115,-1
13116,1
13117,1
13118,1
13119,-1
13120,1
13121,1
13122,-1
13123,0
13124,1
13125,1
13126,0
13127,0
13128,-1
13129,1
13130,0
13131,1
13132,-1
13133,-1
13134,0
13135,-1
13136,-1
13137,-1
13138,-1
13139,-1
13140,0
13141,0
13142,0
13143,-1
13144,-1
13145,1
13146,0
13147,0
13148,-1
13149,1
13150,1
13151,0
13152,0
13153,1
13154,1
13155,0
13156,-1
13157,1
13158,1
13159,0
13160,1
13161,-1
13162,1
13163,1
13164,1
13165,1
13166,0
13167,1
13168,0
13169,0
13170,0
13171,0
13172,-1
13173,1
13174,0
13175,0
13176,0
13177,1
13178,-1
13179,1
13180,1
13181,-1
13182,-1
13183,0
13184,0
13185,-1
13186,1
13187,1
13188,-1
13189,1
13190,1
13191,1
13192,-1
13193,0
13194,1
13195,-1
13196,1
13197,0
13198,1
13199,0
13200,1
13201,0
13202,-1
13203,1
13204,0
13205,-1
13206,-1
13207,-1
13208,-1
13209,0
13210,0
13211,-1
13212,1
13213,-1
13214,-1
13215,0
13216,1
13217,1
13218,-1
13219,1
13220,1
13221,-1
13222,-1
13223,-1
13224,1
13225,-1
13226,-1
13227,-1
13228,1
13229,-1
13230,-1
13231,1
13232,1
13233,1
13234,1
13235,-1
13236,1
13237,-1
13238,-1
13239,1
13240,0
13241,1
13242,-1
13243,1
13244,-1
13245,-1
13246,1
13247,0
13248,0
13249,1
13250,0
13251,0
13252,0
13253,1
13254,1
13255,-1
13256,0
13257,1
13258,0
13259,1
13260,-1
13261,1
13262,-1
13263,1
13264,1
13265,0
13266,1
13267,1
13268,-1
13269,0
13270,0
13271,0
13272,0
13273,1
13274,0
13275,-1
13276,1
13277,0
13278,1
13279,-1
13280,0
13281,0
13282,0
13283,0
13284,1
13285,-1
13286,0
13287,0
13288,1
13289,1
13290,1
13291,-1
13292,-1
13293,0
13294,-1
13295,-1
13296,1
13297,1
13298,1
13299,-1
13300,0
13301,1
13302,1
13303,0
13304,0
13305,1
13306,0
13307,-1
13308,0
13309,1
13310,-1
13311,0
13312,-1
13313,-1
13314,-1
13315,0
13316,1
13317,1
13318,0
13319,-1
13320,0
13321,1
13322,1
13323,-1
13324,1
13325,1
13326,1
13327,1
13328,1
13329,-1
13330,1
13331,1
13332,0
13333,-1
13334,0
13335,0
13336,0
13337,1
13338,1
13339,-1
13340,1
13341,-1
13342,1
13343,1
13344,1
13345,1
13346,1
13347,1
13348,1
13349,-1
13350,1
13351,0
13352,1
13353,0
13354,-1
13355,-1
13356,0
13357,0
13358,1
13359,1
13360,-1
13361,-1
13362,-1
13363,0
13364,-1
13365,1
13366,1
13367,1
13368,0
13369,-1
13370,-1
13371,0
13372,-1
13373,1
13374,-1
13375,1
13376,-1
13377,0
13378,-1
13379,1
13380,1
13381,-1
13382,-1
13383,0
13384,-1
13385,0
13386,1
13387,0
13388,1
13389,1
13390,-1
13391,0
13392,0
13393,1
13394,1
13395,0
13396,1
13397,0
13398,-1
13399,0
13400,1
13401,0
13402,1
13403,-1
13404,-1
13405,0
13406,0
13407,0
13408,1
13409,1
13410,1
13411,-1
13412,1
13413,1
13414,0
13415,-1
13416,-1
13417,0
13418,1
13419,1
13420,1
13421,-1
13422,-1
13423,0
13424,-1
13425,-1
13426,1
13427,1
13428,-1
13429,-1
13430,-1
13431,-1
13432,0
13433,0
13434,-1
13435,1
13436,0
13437,1
13438,1
13439,-1
13440,1
13441,0
13442,1
13443,-1
13444,1
13445,0
13446,1
13447,-1
13448,1
13449,1
13450,0
13451,0
13452,1
13453,-1
13454,1
13455,1
13456,1
13457,-1
13458,0
13459,1
13460,1
13461,0
13462,1
13463,-1
13464,1
13465,1
13466,1
13467,1
13468,0
13469,0
13470,0
13471,0
13472,0
13473,0
13474,1
13475,1
13476,-1
13477,0
13478,1
13479,0
13480,-1
13481,0
13482,1
13483,-1
13484,-1
13485,1
13486,0
13487,0
13488,-1
13489,0
13490,1
13491,-1
13492,-1
13493,0
13494,-1
13495,0
13496,0
13497,0
13498,1
13499,-1
13500,1
13501,0
13502,0
13503,1
13504,0
13505,0
13506,1
13507,1
13508,0
13509,1
13510,-1
13511,-1
13512,0
13513,0
13514,1
13515,0
13516,-1
13517,-1
13518,-1
13519,1
13520,0
13521,1
13522,1
13523,1
13524,1
13525,-1
13526,-1
13527,1
13528,1
13529,0
13530,1
13531,-1
13532,0
13533,1
13534,0
13535,1
13536,0
13537,1
13538,-1
13539,-1
13540,1
13541,1
13542,-1
13543,1
13544,0
13545,0
13546,-1
13547,0
13548,1
13549,1
13550,-1
13551,-1
13552,0
13553,0
13554,1
13555,0
13556,0
13557,0
13558,0
13559,-1
13560,1
13561,1
13562,1
13563,-1
13564,0
13565,1
13566,0
13567,0
13568,-1
13569,-1
13570,-1
13571,1
13572,1
13573,1
13574,1
13575,1
13576,1
13577,1
13578,0
13579,1
13580,-1
13581,1
13582,1
13583,0
13584,-1
13585,0
13586,-1
13587,0
13588,0
13589,1
13590,0
13591,1
13592,1
13593,-1
13594,0
13595,1
13596,0
13597,0
13598,1
13599,-1
13600,1
13601,1
13602,-1
13603,1
13604,-1
13605,-1
13606,1
13607,-1
13608,1
13609,-1
13610,1
13611,-1
13612,1
13613,-1
13614,0
13615,-1
13616,-1
13617,-1
13618,0
13619,0
13620,-1
13621,1
13622,-1
13623,1
13624,1
13625,-1
13626,0
13627,1
13628,-1
13629,0
13630,0
13631,0
13632,1
13633,0
13634,-1
13635,-1
13636,1
13637,0
13638,0
13639,0
13640,1
13641,-1
13642,0
13643,0
13644,0
13645,-1
13646,0
13647,0
13648,-1
13649,-1
13650,1
13651,1
13652,-1
13653,-1
13654,1
13655,0
13656,-1
13657,-1
13658,0
13659,-1
13660,1
13661,0
13662,1
13663,1
13664,0
13665,0
13666,0
13667,1
13668,0
13669,-1
13670,-1
13671,0
13672,1
13673,-1
13674,1
13675,1
13676,1
13677,1
13678,-1
13679,-1
13680,1
13681,1
13682,-1
13683,0
13684,1
13685,0
13686,0
13687,1
13688,0
13689,0
13690,-1
13691,0
13692,1
13693,0
13694,1
13695,-1
13696,-1
13697,1
13698,-1
13699,-1
13700,-1
13701,-1
13702,-1
13703,1
13704,1
13705,-1
13706,-1
13707,1
13708,0
13709,-1
13710,0
13711,0
13712,1
13713,1
13714,1
13715,0
13716,0
13717,1
13718,0
13719,-1
13720,1
13721,1
13722,-1
13723,-1
13724,0
13725,1
13726,-1
13727,-1
13728,1
13729,1
13730,0
13731,0
13732,0
13733,1
13734,1
13735,1
13736,0
13737,1
13738,1
13739,1
13740,0
13741,-1
13742,1
13743,-1
13744,-1
13745,-1
13746,1
13747,1
13748,-1
13749,1
13750,0
13751,-1
13752,1
13753,1
13754,-1
13755,1
13756,1
13757,1
13758,0
13759,1
13760,0
13761,1
13762,-1
13763,1
13764,1
13765,0
13766,-1
13767,1
13768,1
13769,0
13770,0
13771,-1
13772,1
13773,0
13774,0
13775,1
13776,0
13777,0
13778,-1
13779,0
13780,0
13781,-1
13782,0
13783,0
13784,0
13785,1
13786,-1
13787,-1
13788,0
13789,-1
13790,0
13791,0
13792,0
13793,0
13794,1
13795,0
13796,1
13797,0
13798,0
13799,-1
13800,-1
13801,1
13802,1
13803,1
13804,-1
13805,0
13806,-1
13807,-1
13808,0
13809,1
13810,-1
13811,0
13812,-1
13813,0
13814,-1
13815,1
13816,-1
13817,-1
13818,-1
13819,1
13820,0
13821,1
13822,-1
13823,-1
13824,-1
13825,1
13826,0
13827,-1
13828,1
13829,-1
13830,-1
13831,0
13832,-1
13833,0
13834,0
13835,0
13836,1
13837,0
13838,0
13839,1
13840,1
13841,1
13842,-1
13843,1
13844,1
13845,0
13846,0
13847,-1
13848,0
13849,-1
13850,1
13851,1
13852,1
13853,1
13854,0
13855,-1
13856,-1
13857,1
13858,0
13859,1
13860,-1
13861,-1
13862,1
13863,1
13864,1
13865,0
13866,1
13867,-1
13868,1
13869,0
13870,0
13871,-1
13872,0
13873,1
13874,1
13875,1
13876,1
13877,0
13878,-1
13879,1
13880,1
13881,1
13882,0
13883,-1
13884,1
13885,-1
13886,-1
13887,1
13888,1
13889,-1
13890,0
13891,1
13892,1
13893,-1
13894,0
13895,-1
13896,0
13897,1
13898,1
13899,-1
13900,0
13901,-1
13902,0
13903,1
13904,-1
13905,1
13906,0
13907,1
13908,-1
13909,1
13910,-1
13911,0
13912,1
13913,-1
13914,1
13915,1
13916,-1
13917,0
13918,0
13919,0
13920,1
13921,0
13922,0
13923,-1
13924,1
13925,1
13926,1
13927,-1
13928,-1
13929,1
13930,0
13931,0
13932,1
13933,1
13934,0
13935,1
13936,0
13937,1
13938,1
13939,-1
13940,-1
13941,0
13942,-1
13943,0
13944,0
13945,-1
13946,1
13947,0
13948,0
13949,1
13950,1
13951,0
13952,0
13953,1
13954,1
13955,1
13956,-1
13957,1
13958,1
13959,-1
13960,1
13961,-1
13962,0
13963,-1
13964,1
13965,1
13966,0
13967,1
13968,0
13969,1
13970,1
13971,-1
13972,0
13973,0
13974,1
13975,0
13976,0
13977,-1
13978,1
13979,-1
13980,-1
13981,1
13982,1
13983,0
13984,1
13985,0
13986,-1
13987,1
13988,1
13989,0
13990,1
13991,0
13992,1
13993,-1
13994,0
13995,1
13996,0
13997,1
13998,0
13999,1
14000,0
14001,-1
14002,1
14003,1
14004,0
14005,1
14006,1
14007,0
14008,0
14009,0
14010,0
14011,1
14012,1
14013,-1
14014,0
14015,0
14016,0
14017,-1
14018,-1
14019,0
14020,-1
14021,-1
14022,-1
14023,-1
14024,0
14025,1
14026,0
14027,0
14028,1
14029,1
14030,0
14031,-1
14032,1
14033,-1
14034,0
14035,1
14036,-1
14037,0
14038,0
14039,1
14040,1
14041,0
14042,1
14043,-1
14044,-1
14045,-1
14046,1
14047,1
14048,1
14049,0
14050,1
14051,-1
14052,1
14053,-1
14054,-1
14055,1
14056,-1
14057,1
14058,1
14059,-1
14060,1
14061,1
14062,1
14063,0
14064,1
14065,1
14066,1
14067,0
14068,0
14069,1
14070,-1
14071,1
14072,-1
14073,0
14074,1
14075,0
14076,-1
14077,-1
14078,1
14079,0
14080,-1
14081,0
14082,1
14083,-1
14084,0
14085,-1
14086,1
14087,-1
14088,-1
14089,1
14090,1
14091,1
14092,-1
14093,-1
14094,1
14095,1
14096,-1
14097,0
14098,1
14099,0
14100,1
14101,1
14102,1
14103,0
14104,1
14105,0
14106,-1
14107,1
14108,1
14109,-1
14110,0
14111,0
14112,-1
14113,1
14114,-1
14115,0
14116,1
14117,1
14118,0
14119,1
14120,-1
14121,0
14122,1
14123,1
14124,1
14125,1
14126,1
14127,-1
14128,0
14129,-1
14130,0
14131,1
14132,0
14133,-1
14134,1
14135,1
14136,0
14137,0
14138,1
14139,-1
14140,0
14141,0
14142,1
14143,0
14144,-1
14145,1
14146,0
14147,0
14148,1
14149,-1
14150,1
14151,1
14152,1
14153,1
14154,1
14155,1
14156,-1
14157,1
14158,0
14159,1
14160,-1
14161,-1
14162,1
14163,1
14164,-1
14165,1
14166,1
14167,0
14168,-1
14169,-1
14170,-1
14171,-1
14172,0
14173,1
14174,1
14175,0
14176,1
14177,1
14178,1
14179,-1
14180,1
14181,0
14182,0
14183,1
14184,-1
14185,1
14186,0
14187,1
14188,-1
14189,1
14190,0
14191,0
14192,1
14193,0
14194,0
14195,0
14196,0
14197,1
14198,0
14199,1
14200,1
14201,1
14202,1
14203,0
14204,1
14205,1
14206,1
14207,0
14208,0
14209,0
14210,0
14211,1
14212,0
14213,1
14214,-1
14215,-1
14216,-1
14217,0
14218,0
14219,-1
14220,1
14221,1
14222,0
14223,-1
14224,0
14225,-1
14226,0
14227,0
14228,1
14229,0
14230,-1
14231,-1
14232,1
14233,1
14234,1
14235,1
14236,1
14237,-1
14238,1
14239,1
14240,-1
14241,0
14242,1
14243,1
14244,0
14245,-1
14246,0
14247,-1
14248,-1
14249,1
14250,-1
14251,-1
14252,-1
14253,0
14254,1
14255,-1
14256,0
14257,-1
14258,-1
14259,0
14260,-1
14261,1
14262,0
14263,1
14264,-1
14265,1
14266,1
14267,-1
14268,1
14269,1
14270,-1
14271,0
14272,0
14273,0
14274,-1
14275,-1
14276,-1
14277,0
14278,-1
14279,0
14280,0
14281,1
14282,1
14283,1
14284,-1
14285,0
14286,1
14287,1
14288,1
14289,1
14290,-1
14291,1
14292,-1
14293,0
14294,1
14295,1
14296,-1
14297,1
14298,0
14299,-1
14300,1
14301,1
14302,1
14303,0
14304,1
14305,-1
14306,0
14307,0
14308,-1
14309,-1
14310,1
14311,1
14312,0
14313,-1
14314,0
14315,0
14316,-1
14317,-1
14318,-1
14319,0
14320,-1
14321,1
14322,-1
14323,0
14324,0
14325,1
14326,1
14327,1
14328,0
14329,1
14330,-1
14331,1
14332,1
14333,0
14334,1
14335,-1
14336,1
14337,-1
14338,1
14339,0
14340,-1
14341,1
14342,0
14343,0
14344,1
14345,1
14346,-1
14347,-1
14348,1
14349,-1
14350,1
14351,1
14352,1
14353,-1
14354,-1
14355,1
14356,-1
14357,-1
14358,1
14359,0
14360,1
14361,1
14362,1
14363,0
14364,-1
14365,-1
14366,1
14367,1
14368,1
14369,-1
14370,0
14371,1
14372,1
14373,1
14374,0
14375,0
14376,-1
14377,0
14378,-1
14379,1
14380,1
14381,1
14382,-1
14383,-1
14384,0
14385,1
14386,-1
14387,1
14388,1
14389,1
14390,0
14391,1
14392,1
14393,-1
14394,-1
14395,-1
14396,-1
14397,-1
14398,0
14399,-1
14400,0
14401,0
14402,0
14403,1
14404,1
14405,-1
14406,-1
14407,0
14408,1
14409,0
14410,-1
14411,1
14412,0
14413,1
14414,1
14415,0
14416,-1
14417,1
14418,1
14419,0
14420,1
14421,-1
14422,1
14423,-1
14424,1
14425,-1
14426,1
14427,1
14428,1
14429,0
14430,-1
14431,0
14432,1
14433,0
14434,-1
14435,0
14436,1
14437,0
14438,1
14439,-1
14440,0
14441,-1
14442,0
14443,1
14444,0
14445,0
14446,0
14447,-1
14448,1
14449,0
14450,1
14451,1
14452,0
14453,1
14454,0
14455,-1
14456,1
14457,0
14458,1
14459,1
14460,0
14461,0
14462,-1
14463,-1
14464,1
14465,1
14466,0
14467,1
14468,1
14469,-1
14470,1
14471,0
14472,0
14473,0
14474,-1
14475,-1
14476,1
14477,-1
14478,-1
14479,1
14480,-1
14481,1
14482,0
14483,1
14484,0
14485,-1
14486,0
14487,-1
14488,1
14489,1
14490,1
14491,1
14492,1
14493,0
14494,0
14495,1
14496,0
14497,1
14498,-1
14499,1
14500,1
14501,-1
14502,-1
14503,-1
14504,1
14505,-1
14506,1
14507,0
14508,1
14509,-1
14510,1
14511,1
14512,1
14513,-1
14514,1
14515,0
14516,-1
14517,1
14518,0
14519,1
14520,0
14521,0
14522,0
14523,1
14524,1
14525,-1
14526,1
14527,0
14528,0
14529,0
14530,-1
14531,0
14532,-1
14533,-1
14534,-1
14535,0
14536,-1
14537,0
14538,1
14539,-1
14540,0
14541,1
14542,0
14543,1
14544,1
14545,0
14546,1
14547,0
14548,1
14549,1
14550,0
14551,-1
14552,-1
14553,1
14554,0
14555,0
14556,0
14557,0
14558,-1
14559,1
14560,0
14561,0
14562,1
14563,1
14564,0
14565,1
14566,0
14567,-1
14568,-1
14569,1
14570,1
14571,1
14572,0
14573,1
14574,1
14575,-1
14576,1
14577,-1
14578,-1
14579,0
14580,0
14581,-1
14582,0
14583,0
14584,1
14585,0
14586,1
14587,-1
14588,0
14589,1
14590,-1
14591,1
14592,1
14593,1
14594,0
14595,0
14596,-1
14597,-1
14598,-1
14599,0
14600,0
14601,-1
14602,-1
14603,1
14604,-1
14605,0
14606,0
14607,1
14608,0
14609,1
14610,-1
14611,-1
14612,1
14613,-1
14614,1
14615,-1
14616,-1
14617,0
14618,0
14619,-1
14620,-1
14621,1
14622,1
14623,1
14624,1
14625,1
14626,0
14627,1
14628,-1
14629,-1
14630,1
14631,0
14632,1
14633,-1
14634,1
14635,1
14636,-1
14637,0
14638,0
14639,1
14640,1
14641,0
